Nome completo,email,Data de nascimento,genero,nome social,pais,estado,cidade
Ana Cecília Moreira,alexandre94@example.org,1957-08-11,Feminino,Hadassa,Brasil,Rio de Janeiro,Porto Alegre
Maria Eduarda Ramos,pcamara@example.com,1961-02-15,Feminino,Fernando,Brasil,Pernambuco,São Paulo
Vinicius Gonçalves,da-costagiovanna@example.org,1947-04-26,Masculino,Júlia,Brasil,Bahia,Manaus
Luiz Fernando Novais,isabelly49@example.com,1981-05-16,Masculino,Manuela,Brasil,Minas Gerais,Curitiba
Lorena Vasconcelos,barbosadante@example.org,1991-11-15,Feminino,Beatriz,Brasil,Bahia,Manaus
Hellena Martins,sbarros@example.net,1950-02-28,Feminino,Yasmin,Brasil,Minas Gerais,Limoeiro
Carlos Eduardo Teixeira,evelynfogaca@example.org,1964-10-06,Outro,Ana Júlia,Brasil,Pernambuco,Surubim
Luiz Henrique Fernandes,aylasales@example.net,1968-08-05,Outro,Bruna,Brasil,Rio de Janeiro,Belo Horizonte
Marcela Caldeira,cnovais@example.com,1949-04-02,Masculino,Maria Luiza,Brasil,Pernambuco,Curitiba
Maria Luísa da Cruz,antonymoreira@example.net,1945-08-24,Outro,Nathan,Brasil,Minas Gerais,Porto Alegre
Rael Araújo,marinacorreia@example.com,1954-06-08,Masculino,Esther,Brasil,Pernambuco,Belo Horizonte
Anna Liz Teixeira,caldeiraisabela@example.net,1969-07-05,Outro,Heitor,Brasil,Rio de Janeiro,Recife
Giovanna Porto,wferreira@example.com,1971-01-27,Feminino,Ana Carolina,Brasil,Rio de Janeiro,Brasília
Raquel Sousa,hadassacamargo@example.com,1972-06-24,Outro,Joaquim,Brasil,Rio de Janeiro,São Paulo
Josué Correia,britoemanuel@example.org,1956-07-21,Masculino,Natália,Brasil,Minas Gerais,Salvador
Fernando Rios,maria-lauraabreu@example.com,1952-02-05,Feminino,Léo,Brasil,São Paulo,Fortaleza
Dra. Sophie Abreu,tramos@example.net,1951-02-16,Outro,Isadora,Brasil,Bahia,Bezerros
Srta. Liz Jesus,sabrina23@example.net,1987-11-12,Masculino,Rodrigo,Brasil,São Paulo,Belo Horizonte
Sarah Abreu,wvasconcelos@example.net,1947-05-10,Masculino,Vinícius,Brasil,São Paulo,Porto Alegre
Leandro Abreu,kazevedo@example.net,2005-03-28,Feminino,Isis,Brasil,São Paulo,Rio de Janeiro
Alícia Almeida,andrelopes@example.com,1999-03-02,Outro,Davi,Brasil,São Paulo,Brasília
Liam Câmara,dfonseca@example.org,1962-07-15,Masculino,Lorenzo,Brasil,São Paulo,Salvador
Hellena Gomes,nviana@example.org,1988-08-06,Feminino,Pedro,Brasil,Rio de Janeiro,Manaus
Sabrina Cavalcanti,erickmontenegro@example.org,1980-08-22,Feminino,Isabel,Brasil,Minas Gerais,São Paulo
Marcos Vinicius Brito,nataliafogaca@example.net,1998-11-07,Feminino,Yasmin,Brasil,Rio de Janeiro,Porto Alegre
Bernardo Moura,eloa35@example.com,1991-10-07,Feminino,Ravi,Brasil,Pernambuco,Belo Horizonte
Bella Pacheco,bporto@example.net,1990-07-16,Masculino,Luísa,Brasil,Minas Gerais,Rio de Janeiro
Dr. João Pedro Farias,bpeixoto@example.org,1953-10-25,Feminino,Mathias,Brasil,Pernambuco,Salvador
Brayan Souza,dsiqueira@example.com,1988-01-11,Outro,José Miguel,Brasil,São Paulo,Curitiba
Mateus Pires,vianaana-cecilia@example.net,2005-01-26,Feminino,Beatriz,Brasil,Pernambuco,Brasília
Diogo Nunes,ecaldeira@example.net,1943-09-02,Outro,Stephany,Brasil,São Paulo,Salvador
Leonardo Caldeira,maria-isis57@example.com,1983-06-14,Masculino,Ester,Brasil,Minas Gerais,Surubim
Laís da Paz,vianaenrico@example.com,1985-06-01,Masculino,Otávio,Brasil,São Paulo,Manaus
Cecilia Guerra,correiamaria-vitoria@example.net,2002-07-14,Outro,Isaac,Brasil,São Paulo,Brasília
Maria Sophia Pereira,vcunha@example.net,1947-02-26,Feminino,Pietra,Brasil,São Paulo,São Paulo
Manuella Costa,ravi52@example.com,1948-09-27,Masculino,Ágatha,Brasil,Bahia,São Paulo
Lavínia Azevedo,kcamargo@example.com,1963-07-31,Outro,Asafe,Brasil,Rio de Janeiro,Belo Horizonte
Alexia Vargas,ynogueira@example.org,1961-10-21,Feminino,Maria Luísa,Brasil,São Paulo,Brasília
Ana Carolina Montenegro,benicio96@example.com,1946-09-13,Outro,Maria Isis,Brasil,Minas Gerais,Recife
Srta. Giovanna Machado,borgeskamilly@example.org,1953-06-19,Feminino,Lucca,Brasil,Rio de Janeiro,Rio de Janeiro
Maitê da Conceição,abreuvitor@example.com,1971-11-22,Outro,Aurora,Brasil,Rio de Janeiro,São Paulo
Dr. Diego Siqueira,enzo-gabrielborges@example.com,1944-04-09,Masculino,Levi,Brasil,Rio de Janeiro,São Paulo
Ian Moreira,raelda-mota@example.com,1989-02-02,Feminino,Rodrigo,Brasil,Pernambuco,Porto Alegre
Ágatha Sampaio,gcostela@example.net,1983-05-26,Masculino,Gabriel,Brasil,Pernambuco,Recife
Dra. Ana Laura Correia,pcostela@example.org,1980-11-12,Masculino,Raquel,Brasil,Rio de Janeiro,Curitiba
Mariah Novais,raquel77@example.com,1993-10-07,Outro,Vicente,Brasil,Pernambuco,Belo Horizonte
Bruno Ramos,diogo23@example.net,1945-01-20,Feminino,Rafael,Brasil,Pernambuco,Bezerros
Ana Clara Dias,carvalhobryan@example.org,1968-03-24,Outro,Sabrina,Brasil,Bahia,Manaus
Gustavo Henrique Ribeiro,luiz-felipe54@example.com,1958-02-17,Masculino,Alexia,Brasil,Bahia,Belo Horizonte
Murilo Cavalcanti,xfreitas@example.net,1973-04-05,Outro,Ana Laura,Brasil,Bahia,São Paulo
João Guilherme Barbosa,miguelsa@example.org,1964-01-30,Masculino,Heloísa,Brasil,Pernambuco,São Paulo
Maria Luiza da Mota,ugomes@example.com,1949-05-27,Outro,Emanuel,Brasil,Minas Gerais,Garanhuns
André Fogaça,alexiasiqueira@example.net,1948-09-06,Masculino,Rael,Brasil,São Paulo,Fortaleza
Ryan Borges,pietro78@example.com,1983-06-03,Feminino,Kevin,Brasil,Minas Gerais,Manaus
Yan Fernandes,milenacamara@example.org,1953-10-07,Feminino,Luísa,Brasil,Minas Gerais,Caruaru
Dr. Bento Pinto,yasminmoraes@example.org,1973-12-30,Feminino,Maria Luiza,Brasil,Rio de Janeiro,Caruaru
Yuri Freitas,pereiranicolas@example.org,1968-10-28,Feminino,Luana,Brasil,Pernambuco,Manaus
Dra. Stella Peixoto,omonteiro@example.com,1955-07-15,Masculino,Levi,Brasil,Minas Gerais,Porto Alegre
Cecília Vargas,jade52@example.com,1945-01-09,Masculino,Raquel,Brasil,Pernambuco,Rio de Janeiro
Pedro Lucas Peixoto,araujomaria-helena@example.net,1956-09-19,Outro,Stephany,Brasil,Rio de Janeiro,Fortaleza
Srta. Olívia Jesus,olivia28@example.com,1956-10-29,Outro,Gustavo Henrique,Brasil,São Paulo,Curitiba
Alexia Gonçalves,da-pazliam@example.org,1978-10-30,Outro,Milena,Brasil,Minas Gerais,Brasília
Ryan da Cruz,fernandesyago@example.net,1955-11-06,Outro,Maria Luiza,Brasil,Minas Gerais,Rio de Janeiro
Sra. Evelyn Vieira,joao-felipesousa@example.net,1964-04-24,Masculino,Laís,Brasil,São Paulo,Manaus
Nicole Ramos,grios@example.com,1974-05-20,Outro,Marina,Brasil,Bahia,Manaus
Caio Sá,caio99@example.net,1966-02-08,Feminino,Ágatha,Brasil,São Paulo,Belo Horizonte
Lucas Moura,tcavalcante@example.org,1946-08-18,Outro,Samuel,Brasil,São Paulo,Curitiba
Eduardo da Mota,clarice06@example.com,1984-10-07,Outro,Thiago,Brasil,Minas Gerais,São Bento do Una
Esther Andrade,abreuluana@example.net,1983-03-24,Feminino,Bárbara,Brasil,Minas Gerais,São Paulo
Daniel Cavalcanti,xmendes@example.com,1964-11-22,Masculino,Ana Julia,Brasil,Bahia,Porto Alegre
Eduardo Casa Grande,aylasouza@example.org,1998-02-03,Masculino,Cauã,Brasil,Rio de Janeiro,Salvador
Ana Liz Rocha,beatrizrocha@example.org,1964-11-10,Feminino,Josué,Brasil,Minas Gerais,Porto Alegre
Brenda Rodrigues,hda-conceicao@example.com,1997-10-08,Feminino,Luiz Miguel,Brasil,Pernambuco,São Bento do Una
Maria Sophia Sá,brayangomes@example.com,1995-09-08,Outro,Enzo Gabriel,Brasil,Minas Gerais,Belo Horizonte
Hadassa Pinto,peixotoevelyn@example.com,1979-07-30,Outro,Larissa,Brasil,Pernambuco,Surubim
Isabelly Silveira,ocastro@example.net,1957-07-27,Outro,Nicolas,Brasil,São Paulo,Curitiba
João Vitor Alves,fogacaisabel@example.com,1969-02-02,Feminino,Fernanda,Brasil,Pernambuco,Rio de Janeiro
Antônio Mendonça,lucca29@example.org,2006-01-28,Feminino,Liz,Brasil,Minas Gerais,Pesqueira
Davi Lucca Abreu,cbarros@example.net,1945-03-16,Outro,Heloísa,Brasil,Minas Gerais,Surubim
Nicolas Cassiano,hrodrigues@example.com,1991-08-27,Masculino,Theo,Brasil,São Paulo,Porto Alegre
Otto da Mota,qda-conceicao@example.com,2006-04-30,Masculino,Ana,Brasil,Minas Gerais,Limoeiro
Alice Sousa,anna-lizmoraes@example.org,2006-01-14,Masculino,Thomas,Brasil,Pernambuco,Belo Horizonte
Ravi Guerra,matteo84@example.net,1948-02-09,Masculino,Catarina,Brasil,São Paulo,Salvador
Lara da Rocha,joaquimteixeira@example.org,1999-01-01,Feminino,Rafaela,Brasil,Bahia,Salvador
Dra. Camila Ramos,ravicamara@example.com,1997-07-16,Masculino,Kaique,Brasil,Bahia,Caruaru
Maria Helena Albuquerque,malves@example.net,1998-04-03,Masculino,André,Brasil,Pernambuco,Surubim
Amanda Casa Grande,bgoncalves@example.net,2001-07-24,Outro,Melina,Brasil,Bahia,Fortaleza
Gabriela Novaes,sara87@example.net,1958-09-17,Masculino,Renan,Brasil,Minas Gerais,Recife
Isaac da Mota,gabrielmontenegro@example.org,1993-09-29,Masculino,Yago,Brasil,Minas Gerais,Limoeiro
Ester Castro,olivianogueira@example.com,2004-11-08,Feminino,Cecília,Brasil,Bahia,Belo Horizonte
Kaique Aragão,ifreitas@example.net,1947-02-18,Outro,Lunna,Brasil,Pernambuco,São Paulo
Manuella Aparecida,ssouza@example.net,1956-02-03,Feminino,Beatriz,Brasil,Pernambuco,Fortaleza
José Miguel Leão,correiajoao-felipe@example.com,1997-12-28,Outro,Paulo,Brasil,São Paulo,Salvador
Manuella da Cruz,marianacaldeira@example.org,1959-08-22,Masculino,Igor,Brasil,Pernambuco,Recife
Dr. Emanuel Costa,leaovinicius@example.com,1989-10-04,Feminino,Pietra,Brasil,Bahia,Brasília
Matheus Mendes,opacheco@example.com,1946-02-25,Outro,Sarah,Brasil,São Paulo,Salvador
Nathan Nunes,daniloporto@example.com,1956-07-14,Feminino,Maysa,Brasil,Rio de Janeiro,São Paulo
Lucas Gabriel Novaes,jpastor@example.net,1962-04-10,Outro,Jade,Brasil,Minas Gerais,Arcoverde
Maria Helena da Mata,henry50@example.org,1970-10-25,Feminino,Davi,Brasil,Minas Gerais,Rio de Janeiro
Hadassa Leão,ana-laura76@example.com,1955-05-04,Outro,Luiz Miguel,Brasil,São Paulo,Fortaleza
